{"data":[{"Body":"{\"ID\":147564,\"post\":{\"ID\":9612,\"title\":\"Read All Your Favorite Blogs in One Place\",\"type\":\"post\",\"link\":\"https:\\\/\\\/public-api.wordpress.com\\\/rest\\\/v1\\\/sites\\\/3584907\\\/posts\\\/9612\"},\"author\":{\"ID\":0,\"login\":\"\",\"email\":false,\"name\":\"Matt\",\"first_name\":\"\",\"last_name\":\"\",\"nice_name\":\"\",\"URL\":\"http:\\\/\\\/ma.tt\\\/\",\"avatar_URL\":\"https:\\\/\\\/1.gravatar.com\\\/avatar\\\/767fc9c115a1b989744c755db47feb60?s=96&d=retro\",\"profile_URL\":\"https:\\\/\\\/en.gravatar.com\\\/767fc9c115a1b989744c755db47feb60\",\"ip_address\":false},\"date\":\"2012-01-20T18:48:38+00:00\",\"URL\":\"http:\\\/\\\/en.blog.wordpress.com\\\/2012\\\/01\\\/20\\\/read-blogs\\\/#comment-147564\",\"short_URL\":\"https:\\\/\\\/wp.me\\\/pf2B5-2v2%23comment-147564\",\"content\":\"<p>I think there&#8217;s a new thing in social every year or two, but people always come back to their blogs. It&#8217;s your home on the web, a place you can own and make your own.<\\\/p>\\n\",\"raw_content\":\"I think there's a new thing in social every year or two, but people always come back to their blogs. It's your home on the web, a place you can own and make your own.\",\"status\":\"approved\",\"parent\":{\"ID\":147538,\"type\":\"comment\",\"link\":\"https:\\\/\\\/public-api.wordpress.com\\\/rest\\\/v1\\\/sites\\\/3584907\\\/comments\\\/147538\"},\"type\":\"comment\",\"like_count\":1,\"i_like\":false,\"meta\":{\"links\":{\"self\":\"https:\\\/\\\/public-api.wordpress.com\\\/rest\\\/v1\\\/sites\\\/3584907\\\/comments\\\/147564\",\"help\":\"https:\\\/\\\/public-api.wordpress.com\\\/rest\\\/v1\\\/sites\\\/3584907\\\/comments\\\/147564\\\/help\",\"site\":\"https:\\\/\\\/public-api.wordpress.com\\\/rest\\\/v1\\\/sites\\\/3584907\",\"post\":\"https:\\\/\\\/public-api.wordpress.com\\\/rest\\\/v1\\\/sites\\\/3584907\\\/posts\\\/9612\",\"replies\":\"https:\\\/\\\/public-api.wordpress.com\\\/rest\\\/v1\\\/sites\\\/3584907\\\/comments\\\/147564\\\/replies\\\/\",\"likes\":\"https:\\\/\\\/public-api.wordpress.com\\\/rest\\\/v1\\\/sites\\\/3584907\\\/comments\\\/147564\\\/likes\\\/\"}},\"can_moderate\":false}","ERROR_CODE":null}]}